"opt1","opt2","feature","obs"
3,1,1,1.24725458250091
3,2,2,-2.92802342602304
