"","value","feature","option","trial"
"1",-0.626453810742332,1,1,1
"2",0.183643324222082,2,1,1
"3",-0.835628612410047,1,2,1
"4",1.59528080213779,2,2,1
"5",0.329507771815361,1,3,1
"6",-0.820468384118015,2,3,1
