"opt1","opt2","feature","obs"
2,1,2,-0.952594089383732
3,1,1,1.22117728256151
