"opt1","opt2","feature","obs"
2,1,2,-0.952594089383732
3,1,1,1.22117728256151
3,1,2,-0.245883063403025
2,1,1,0.599072056729673
3,2,1,-0.157393767768275
