"opt1","opt2","feature","obs"
3,2,2,-0.274145153801038
3,2,1,-1.36926935180345
