"opt1","opt2","feature","obs"
3,2,2,-0.274145153801038
3,2,1,-1.36926935180345
3,1,1,0.750475212287229
2,1,2,-1.38143812550342
