"","trial","option","feature","obs"
"1",1,2,1,1.70450220031275
"2",1,2,2,-0.686030483687373
"3",1,1,1,0.417463804769289
"4",1,1,2,1.58321099784092
"5",1,3,1,-0.503929609079568
"6",6,1,1,-0.411254581006998
"7",10,2,1,0.727604404190242
