"","trial","option","feature","obs"
"1",1,2,1,0.696070390920432
"2",7,3,1,0.256488790304842
"3",1,2,2,0.759541113071977
"4",3,2,1,0.699579015145288
"5",9,3,2,1.30776810154617
"6",1,2,1,0.90107736404818
"7",3,1,1,-0.0606230380459716
