"","timestep","trial","option","feature","obs"
"1",2,1,2,2,-0.686030483687373
"2",4,1,1,1,0.583210997840923
"3",4,4,1,1,-0.64907223310002
"4",5,1,2,2,-0.303929609079568
"5",5,10,3,1,0.527604404190242
"6",6,1,2,1,1.75954111307198
"7",7,10,2,1,1.33905442182534
