"opt1","opt2","feature","obs"
2,1,2,-0.497056568141652
3,1,1,1.30810090492144
3,2,2,1.41008235704253
2,1,1,1.51038396681954
3,2,2,0.545092988527833
