"opt1","opt2","feature","obs"
2,1,2,-0.497056568141652
3,1,1,1.30810090492144
