"","value","feature","option","trial"
"1",-0.560475646552213,1,1,1
"2",-0.23017748948328,2,1,1
"3",1.55870831414912,1,2,1
"4",0.070508391424576,2,2,1
"5",0.129287735160946,1,3,1
"6",1.71506498688328,2,3,1
