"opt1","opt2","feature","obs"
3,2,2,0.608492895703676
3,1,1,1.31305883762625
2,1,1,0.246646552279802
