"opt1","opt2","feature","obs"
2,1,2,-2.17414515380104
3,1,1,-0.569269351803447
3,2,2,1.55047521228723
