"","timestep","trial","option","feature","obs"
"1",4,1,3,1,-0.0357306624949961
"2",5,1,3,2,0.681000719987354
"3",5,3,1,1,-0.784552432869522
"4",6,1,1,1,0.0590788249345961
