"","timestep","trial","option","feature","obs"
"1",4,1,1,2,0.583210997840923
"2",4,9,2,2,-1.37311732336395
"3",6,1,1,1,0.759541113071977
"4",7,1,1,1,-0.0989226359518203
