"","timestep","trial","option","feature","obs"
"1",1,1,1,1,0.70450220031275
"2",2,1,1,2,0.313969516312627
"3",3,9,2,2,0.0725945839181153
"4",5,1,3,1,-0.503929609079568
"5",6,1,2,1,1.75954111307198
"6",6,9,1,2,1.40776810154617
"7",7,1,1,1,-0.0989226359518203
"8",7,3,1,1,-0.0606230380459716
