"","timestep","trial","option","feature","obs"
"1",2,1,1,1,-1.37804407329543
"2",6,5,1,1,-0.269385826727053
"3",7,1,2,2,0.0500129577243921
