"","timestep","trial","option","feature","obs"
"1",3,8,3,1,1.09174363987615
"2",4,8,2,1,0.831349591167192
"3",5,1,2,2,-1.11899928001265
"4",5,10,3,2,-1.22722920713853
"5",6,1,1,1,0.0590788249345961
"6",7,1,1,2,0.0500129577243921
