"","timestep","trial","option","feature","obs"
"1",4,1,3,2,0.383210997840923
"2",5,6,3,2,-0.611254581006998
"3",6,1,2,1,0.759541113071977
"4",6,6,2,1,-0.566594462257235
"5",6,7,1,1,-0.884280603036362
"6",7,1,1,2,-0.0989226359518203
"7",7,3,3,2,-0.560623038045972
"8",7,7,3,1,-0.949039075176537
