"","value","feature","option","trial"
"1",0.216754862863576,1,1,1
"2",-0.542492572263425,2,1,1
"3",0.891144645072327,1,2,1
"4",0.595980577187475,2,2,1
"5",1.63561800111297,1,3,1
"6",0.689275441919723,2,3,1
