"opt1","opt2","feature","obs"
3,2,1,-1.67414515380104
2,1,2,-1.46926935180345
